season,rf_pred_response_sec,actual_response_sec,pred_min,actual_min
Fall,792.2082381525854,785.5747535779548,13.203470635876423,13.092912559632579
Spring,758.8816322351939,751.673385135224,12.648027203919899,12.527889752253733
Summer,870.7830616654722,869.3806211729221,14.513051027757871,14.489677019548703
Winter,828.482435634707,838.2335549525102,13.808040593911784,13.970559249208502
